[
null,
{"id":1,"battlerName":"Actor1_1","characterIndex":0,"characterName":"Actor1","classId":1,"equips":[1,1,2,3,0],"faceIndex":0,"faceName":"Actor1","traits":[],"initialLevel":1,"maxLevel":99,"name":"Harold","nickname":"","note":"","profile":""},
{"id":2,"battlerName":"Actor1_8","characterIndex":7,"characterName":"Actor1","classId":2,"equips":[2,1,2,3,0],"faceIndex":7,"faceName":"Actor1","traits":[],"initialLevel":1,"maxLevel":99,"name":"Theresa","nickname":"","note":"","profile":""},
{"id":3,"battlerName":"Actor3_8","characterIndex":7,"characterName":"Actor3","classId":3,"equips":[3,0,2,3,4],"faceIndex":7,"faceName":"Actor3","traits":[],"initialLevel":1,"maxLevel":99,"name":"Marsha","nickname":"","note":"","profile":""},
{"id":4,"battlerName":"Actor2_7","characterIndex":6,"characterName":"Actor2","classId":4,"equips":[4,0,2,3,4],"faceIndex":6,"faceName":"Actor2","traits":[],"initialLevel":1,"maxLevel":99,"name":"Lucius","nickname":"","note":"","profile":""},
{"id":5,"battlerName":"Actor2_5","characterIndex":4,"characterName":"Actor2","classId":5,"equips":[3,1,2,3,4],"faceIndex":4,"faceName":"Actor2","traits":[],"initialLevel":1,"maxLevel":99,"name":"Malcom","nickname":"","note":"","profile":""},
{"id":6,"battlerName":"Actor3_7","characterIndex":6,"characterName":"Actor3","classId":6,"equips":[3,1,2,3,0],"faceIndex":6,"faceName":"Actor3","traits":[],"initialLevel":1,"maxLevel":99,"name":"Sarah","nickname":"","note":"","profile":""},
{"id":7,"battlerName":"SF_Actor3_8","characterIndex":7,"characterName":"SF_Actor3","classId":7,"equips":[3,1,2,3,0],"faceIndex":7,"faceName":"SF_Actor3","traits":[],"initialLevel":1,"maxLevel":99,"name":"Yang","nickname":"","note":"","profile":""},
{"id":8,"battlerName":"Package2_1","characterIndex":0,"characterName":"Package2","classId":8,"equips":[3,1,2,3,0],"faceIndex":0,"faceName":"Package2","traits":[],"initialLevel":1,"maxLevel":99,"name":"Sophie","nickname":"","note":"","profile":""},
{"id":9,"battlerName":"Package2_3","characterIndex":2,"characterName":"Package2","classId":9,"equips":[3,0,2,3,4],"faceIndex":2,"faceName":"Package2","traits":[],"initialLevel":1,"maxLevel":99,"name":"Akja","nickname":"","note":"","profile":""},
{"id":10,"battlerName":"","characterIndex":0,"characterName":"","classId":1,"equips":[0,0,0,0,0],"faceIndex":0,"faceName":"","traits":[],"initialLevel":1,"maxLevel":99,"name":"","nickname":"","note":"","profile":""}
]