[
null,
{"id":1,"list":[{"code":122,"indent":0,"parameters":[2,2,0,4,"$gameParty._targetActorId"]},{"code":311,"indent":0,"parameters":[1,2,0,0,100,false]},{"code":0,"indent":0,"parameters":[]}],"name":"Test Item","switchId":1,"trigger":0},
{"id":2,"list":[{"code":0,"indent":0,"parameters":[]}],"name":"","switchId":1,"trigger":0},
{"id":3,"list":[{"code":0,"indent":0,"parameters":[]}],"name":"","switchId":1,"trigger":0},
{"id":4,"list":[{"code":0,"indent":0,"parameters":[]}],"name":"","switchId":1,"trigger":0}
]