[
null,
{"id":1,"actions":[{"conditionParam1":0,"conditionParam2":0,"conditionType":0,"rating":5,"skillId":138},{"conditionParam1":0,"conditionParam2":0,"conditionType":0,"rating":5,"skillId":141}],"battlerHue":0,"battlerName":"Slime","dropItems":[{"kind":0,"dataId":0,"denominator":1},{"dataId":1,"denominator":1,"kind":0},{"dataId":1,"denominator":1,"kind":0}],"exp":2,"traits":[{"code":22,"dataId":0,"value":0.95},{"code":22,"dataId":1,"value":0.05},{"code":31,"dataId":1,"value":0},{"code":41,"dataId":1,"value":1}],"gold":0,"name":"Slime","note":"","params":[1,100,30,30,30,30,10,30]},
{"id":2,"actions":[{"conditionParam1":0,"conditionParam2":0,"conditionType":0,"rating":5,"skillId":150},{"conditionParam1":0,"conditionParam2":0,"conditionType":0,"rating":5,"skillId":153}],"battlerHue":151,"battlerName":"Slime","dropItems":[{"kind":0,"dataId":0,"denominator":1},{"dataId":1,"denominator":1,"kind":0},{"dataId":1,"denominator":1,"kind":0}],"exp":5,"traits":[{"code":22,"dataId":0,"value":0.95},{"code":22,"dataId":1,"value":0.05},{"code":31,"dataId":1,"value":0},{"code":41,"dataId":1,"value":1}],"gold":0,"name":"Red Slime","note":"","params":[1,100,30,30,30,30,10,30]}
]