[
null,
{"id":1,"members":[{"enemyId":1,"x":203,"y":277,"hidden":false},{"enemyId":1,"x":348,"y":415,"hidden":false},{"enemyId":1,"x":469,"y":337,"hidden":false},{"enemyId":2,"x":320,"y":310,"hidden":false},{"enemyId":2,"x":78,"y":328,"hidden":false},{"enemyId":2,"x":214,"y":397,"hidden":false}],"name":"Slime*3, Red Slime*3","pages":[{"conditions":{"actorHp":50,"actorId":1,"actorValid":false,"enemyHp":50,"enemyIndex":0,"enemyValid":false,"switchId":1,"switchValid":false,"turnA":0,"turnB":0,"turnEnding":false,"turnValid":false},"list":[{"code":0,"indent":0,"parameters":[]}],"span":0}]}
]